Link;TotalConsumptionPerKm;TotalConsumption
2792;0.8686672477847954;0.005711396841776242
2791;0.9068451960177044;0.027572707145891235
2790;1.128094347820063;0.0042859912483138645
1216;0.13250655625856783;0.024560750172543465
2789;0.6135637665508425;0.006813102403500186
2305;0.18319513088516268;7.317244613870463E-4
1215;1.2044539986988714;0.12643521914012917
2788;0.9742252291578798;0.004953421336977128
1214;0.132386631280241;0.013545772351207921
2303;0.15100210316873788;9.013069341624552E-4
1213;0.13071795052862356;0.023509508731232434
1212;0.12050274482081604;0.003601732831641245
2785;0.9153368577183614;0.005357378045025568
1211;0.12999170151496442;0.005186370044685961
2784;0.9498894741243303;0.005054581396622277
1210;0.12100001568077441;0.003762698905743251
2783;0.9805750024046848;0.004852017239435263
2309;0.15080810339937545;8.928963408375946E-4
2308;0.127791060990739;0.01467699055681136
2317;0.1545327510450929;8.760807884911955E-4
2316;0.13777438726982724;0.015218653286610387
1;0.37422524246456856;0.11743682909705815
2315;0.12091349762895076;0.003044672502271003
2;0.24226901838989412;0.003628076315315372
2798;0.630840489885796;0.04581362680859222
3;0.12160272795613568;0.0019369927295510231
2797;0.40361309736123635;0.02584546328061029
4;0.1276251596317997;0.002393197778085053
2796;0.6356442793686974;0.003369720931081519
5;0.1214828227658314;0.002849378480528294
6;0.12811865691979554;0.0024640795098050017
2311;0.14898998913129805;9.013069341624552E-4
2794;0.49824114895422456;0.0051329189328325
9;0.6596842829917686;0.026894779095435372
1242;0.8479018228256578;0.14527389215261105
1241;0.6513375489719789;0.11584524472831363
2330;0.13953000041296573;9.94377384087195E-4
1240;0.6634990877458081;0.040934583620905775
2327;0.12034523318947611;0.003472826247703622
2325;0.12040104212897872;0.0017619168011144479
2324;0.14191014899368387;9.688455288144364E-4
810;0.7665208853582351;0.20398396553969134
4520;0.13766484975598398;0.006087461314644154
2340;0.15750196366441876;8.592628410991667E-4
2339;0.14455467085897578;9.434451361220453E-4
2338;0.17606334468653295;7.661472101216244E-4
2337;0.12114218082635622;0.0028705220270119815
2334;0.17198462967294487;7.746900147542008E-4
3681;0.6117529916195552;0.009827155553515593
3682;1.121343226101737;0.019589760764076564
3683;1.1258002242980634;0.01987764536227874
3684;1.1027871768762454;0.017948606927753276
4531;0.7899301947534412;0.006697402966254448
2353;0.13744446020229342;0.001020074663313174
3200;0.1412764603552073;0.01299619529851576
2349;0.14159258763417573;9.7733983858254E-4
2348;0.12782297277258017;0.009642900170235499
2347;0.17925381066176416;7.489903341846625E-4
1499;0.27240627533308653;0.017739105936243043
1496;0.12458678719311783;0.00441725452495083
4521;0.24231108672717275;0.003790216404490681
4525;0.1752551949777623;0.01038149970520599
4526;0.2664053135463571;0.016735685231512757
3690;1.1451855147518402;0.021538780002765483
3691;1.1494865508527639;0.021855424879252645
3692;1.1246276211275137;0.02016979173934717
3693;1.1636132704852882;0.022667490908116032
4540;2.7478903080584147;0.0015755214634899754
3694;0.69514282813487;0.005057442371508225
4541;1.8289994969684458;0.002378826251508407
3695;1.0697298535925133;0.08925698790140138
4542;3.17633347114959;0.0019694018293624693
4300;0.37787103175115233;0.0037630820567775996
3211;0.16432457714902257;0.02727940517292777
2122;0.37811290662467745;0.0036778281019522485
1033;0.36509740802734164;0.005896293332109356
2364;0.36209433081042275;0.009268999489591478
2121;0.3768715598725554;0.0037345176972845744
1032;0.38114768188011844;0.007075574060683842
2120;0.40550175435521535;0.05206850201721163
1031;0.36889450508680766;0.006070725309768056
1273;0.9503184148507059;0.10095974643699408
2361;0.3610728367071243;0.010494715587076495
1030;0.3790007602856624;0.007024131673596642
1272;0.8622472980912308;0.0814355000499628
2360;0.13384536972765923;0.0010808609505654192
1271;1.0903790662177724;0.10008590796261083
3208;0.8253468055568304;0.0851002425393589
2118;0.164256359681929;0.013639702586463884
3207;0.7098646661325646;0.06545314724107427
1029;0.3989853241090247;0.008307103912073847
3206;0.7455134892321439;0.055491509194453836
2117;0.5303506499097754;0.07894406078124645
1028;0.39276084740328937;0.007951635581347196
2116;0.48795271647119814;0.040063773155062016
3205;1.148341434158984;0.0808492654404248
1027;0.3834700400464834;0.00733849527840568
3204;0.1688698159988081;0.009617551105339846
1026;0.3646861765994435;0.00867540070380227
3203;0.1416633524239191;0.0065453147241074285
1025;0.3932080807100675;0.007951635581347196
2355;0.12093546817830546;0.003498238529025498
3202;0.1799617630942345;0.01089434593813895
3201;0.14360007454484913;0.010179437506245352
3685;1.1333804346838203;0.02076710734293589
4532;2.790626662309293;0.0020932335201905555
3686;1.1379978518639893;0.021072395020789923
3687;1.151521801183966;0.021855424879252645
3688;1.16041127872221;0.022339121469298187
3689;1.1383396067072127;0.021226722182051527
4538;1.720258667904561;0.00323015842548164
3209;0.7747695219450361;0.10077459151020801
4551;1.0184072562086075;0.0033508401668989256
4552;1.2717525966726169;0.002888210384392563
4310;0.37584380611677454;0.0037345176972845744
4311;0.37715192487718746;0.003706100713530876
1044;0.3748028672703562;0.0037630820567775996
2374;0.4043051483712271;0.008615154426870098
1043;0.38278936973573974;0.007285141626417549
2373;0.33309717698034075;0.009352122890611794
1042;0.3652615249773083;0.0057687869798467226
2372;0.42104924534929256;0.04803471839041714
1041;0.3785419459563934;0.0036778281019522485
1282;0.8184547091004692;0.1128672840736336
1040;0.3648388984619784;0.0057687869798467226
4309;0.3726672511613965;0.003937729440773934
1039;0.36265317193100594;0.0045336004654645086
2369;0.1332419416180349;0.0027892808719187927
1038;0.37221719108966134;0.0038788727998538236
1037;0.36236125046511936;0.004600640945242483
2126;0.37107058577504304;0.012684359082551494
2125;0.3769594410919387;0.013744088042577665
1036;0.3696923397715074;0.004057481767218528
2366;0.3620099478043314;0.009067200930929017
2124;0.51816811374868;0.03029354153976395
1035;0.36133999083576235;0.005022669044061157
2365;0.3935379953868918;0.023854906744041587
2123;0.3885253757879684;0.007611156365627309
1034;0.36697523250072817;0.005982868975917757
3696;1.0469744672543484;0.10448670547214416
4301;0.37941032256312857;0.0036217039020820375
4543;3.746310150810534;0.002363282195234963
3697;1.0165954844819431;0.057436746674041285
4302;0.37975988734443694;0.0036217039020820375
3698;1.0011287131151827;0.06780535456127104
4303;0.3731612534832835;0.003820664841555309
3699;1.0254778337602408;0.09856318039220008
4304;0.3729818791104278;0.003849689199624375
4305;0.37899058575216854;0.006973064177881722
4306;0.36230501331775516;0.005022669044061157
4548;0.567478794140664;0.00390935935433016
4549;1.185624765002694;0.0029835992972491354
4307;0.39140284196960873;0.007779555067028941
4308;0.3780721168817363;0.006922369114311965
4320;0.3710504598768231;0.00390821857402231
4321;0.38882933478177806;0.007611156365627309
4322;0.40241727100637553;0.008490622303361173
3233;0.2665522422423722;0.033471370463025514
1055;0.8478322008769023;0.02576937432232931
2386;0.31818734382898406;0.0016680089386210794
2144;0.8021352401431766;0.033716058437367774
3232;0.26371136993032585;0.02689477909543537
1054;0.9576557987000801;0.0208466485006144
2385;0.3608163748549453;0.009268999489591478
1296;0.8343519987016712;0.01866453009737461
3231;0.27195124529434533;0.017739105936243043
1053;0.9156008573161815;0.01828517345762523
1295;0.907704302988958;0.1827396721188579
2384;0.37475893239119007;0.0037917967803470756
1294;0.8320378349697659;0.14028184335917693
3230;0.2672195932570142;0.022477372291578517
1052;0.8444846256845125;0.012606064910744357
1051;0.9308233304121709;0.01924252420100631
2382;0.36041621119160616;0.009685123660464276
1050;0.8607512044609121;0.014165025722792133
2381;0.12081979961837373;0.001736413123851811
1292;0.9029197280278985;0.20411459791203734
1291;0.8802671847914798;0.1275558224636014
2380;0.3635256923555849;0.01096383359098054
1290;0.8496023208913349;0.039271888344644575
3229;0.2463786104486928;0.016667628094289965
3228;0.2460042783661507;0.012230280059510783
3227;0.24106626814415041;0.003498238529025498
1049;0.913403478351616;0.018152295156400863
3226;0.25400652281534675;0.004786395556170106
2379;0.4200946693768601;0.009537561728369037
1048;0.15180614699655087;0.01158589832238464
3225;0.24828572268460083;0.004321644007076737
1047;0.8836579840378964;0.04845658380018376
2378;0.3628967283026419;0.010726737092473376
1046;1.0606872559597211;0.06597436868916448
2376;0.2723487335123842;0.0020919404190287744
1045;0.42182184588897004;0.06347287155013931
4312;0.37821529480552885;0.0037345176972845744
4313;0.3797409966303269;0.003649696843286329
4314;0.37386656603705454;0.003849689199624375
4315;0.3779334503009393;0.0037630820567775996
4316;0.36637573025307885;0.004180105892748455
4317;0.3840954003665523;0.00733849527840568
4318;0.37528586246058543;0.003849689199624375
4319;0.3797403896572795;0.0036778281019522485
1066;0.8598629157581664;0.009396990385207775
2397;0.3622135318900177;0.00947492544161556
1065;0.9456119380002321;0.0073825615478181235
2396;0.24850079242448808;0.004353280169794792
1064;0.864575784493394;0.009467457456843234
1063;0.8578712019408054;0.01396002761047477
2394;0.2774598649355907;0.002005846239700939
1062;0.8463502800050094;0.011135261311302203
1061;0.8742959380448843;0.015573586087451118
1060;0.9164420102258736;0.01855381635647679
2390;0.12988919966845583;0.002574338771740303
3238;0.2687862774474826;0.00570177873783305
1059;0.8665446984543074;0.014906729000209512
3237;1.3620529233246783;1.0511206766485937
3236;0.25453338701492817;0.004821450085117749
1058;0.8438726489388481;0.02259862187441664
2389;0.36149611631365036;0.009827700345860503
2147;0.8222403416453982;0.01799891563729178
3235;0.26542587533421597;0.027289722413937186
1057;0.8625850563348708;0.028746118187540953
2388;0.3681003000167174;0.012053271593775965
3234;0.2624306962981963;0.010525149697587928
1056;0.840717399579674;0.02343912220561873
2387;0.3620663311322973;0.010648839584223085
4323;0.43269670852992514;0.14354500588522484
4324;0.3813564382341395;0.021382181388111817
2166;0.1786129664057692;0.01611848739732712
1077;0.4826096608776581;0.012913498213952367
1076;0.4918856916353384;0.008094300413024074
3253;0.9698481627130361;0.15800949229682779
1075;0.48252874187709327;0.006134187926989978
1074;0.490148369428958;0.005409975689624705
1073;0.48242015379700764;0.0067459407563596465
1072;0.4824327045559162;0.006845086269549748
1071;0.48611468202250324;0.0076358710656101334
1070;0.4827189768360566;0.006089345004542006
400;0.1313954640974849;0.01334970876506379
401;0.12688724137264676;0.004682754449064428
1069;0.4965623025310158;0.008643288014153474
2399;0.4106318248955732;0.008999457818645888
2398;0.257764576816202;0.010001204801367415
1067;1.2865424273414168;0.19864143042830523
649;0.13444489223641373;0.022641659475629794
4590;0.19645619241066967;0.006452161763735799
1080;0.4857924560564619;0.011313470974612048
1088;1.714909537269192;0.027717304198783734
3266;0.7483810317551619;0.05262179749022646
3023;0.7762993500488073;0.015222312731254618
1087;0.484186895395567;0.005783600469201513
3022;0.8592979753818089;0.0202123163601062
1086;0.49956932128381076;0.008964351884154299
3021;0.8210877736188835;0.03573711171533898
1085;0.5488390491242678;0.012086793379343522
3020;0.7388665693268344;0.02518440468341777
1084;0.48354392500082455;0.007256152630630744
1083;0.4892783982498336;0.011229951834959258
1082;0.49000179078762973;0.008035514395850643
1081;0.4813073299350701;0.012449567596472503
651;0.4973208291982708;0.0345731520566139
3019;0.8210939736266541;0.03573711171533898
652;0.5019899909771638;0.036384460985617574
3018;0.7238425546834616;0.020989431174152993
411;0.13754022056678764;0.009131191971966232
653;0.5361674365130007;0.022477372291578517
412;0.13672709483473663;0.008999457818645888
654;0.5439845691244717;0.016491190535782036
413;0.12458184635814905;0.008706560339589584
655;0.5694720320670111;0.034181474312016465
1079;0.4810203897502682;0.013690172539099496
414;0.1295973715577955;0.010148208487503078
1078;0.48514657548704987;0.01208960124123869
656;0.6127159495576008;0.006762469612030881
415;0.13679466885975386;0.0833865940024576
657;0.7634631435136909;0.028928700510706496
416;0.12891991588599172;0.004964249215399597
658;0.7511622477822184;0.013348788074958103
417;0.12448431950313035;0.006577724686278308
659;0.7239522601409549;0.03289150077294161
418;0.12436893361329562;0.008643288014153474
419;0.25632125325102245;0.009856318039220007
1091;1.7004828624881354;0.040785009283153796
1090;1.7912489168471497;0.034246311299226506
1099;1.6901891017895667;0.023783681823213425
3277;0.8225447432221931;0.10799349382375066
1098;1.7599272981064848;0.03160497147918068
3276;0.7711213153963183;0.08870686235298006
1097;1.827478071629066;0.03657034691525044
3275;0.7400803849550748;0.02518440468341777
1096;1.6948123749325714;0.04139045749915573
3274;0.7217282814584985;0.018811631785812497
3032;0.6441904995983773;0.005806177529497442
1095;1.7068346148549818;0.03901432166565226
3273;0.7382200154414841;0.03750216321215242
3031;0.6843598755079398;0.014890463214724573
1094;1.8952132443561274;0.04079347178213517
3272;0.7685271095554063;0.014570283252835096
1093;1.6943684661599385;0.042625415031794046
3271;0.7856311984735241;0.04736317363914567
1092;1.69047589425138;0.04139045749915573
3270;0.7698850173015216;0.044030971670434085
660;0.7679111080432897;0.05870796222724544
661;0.8815126291333283;0.05798803011277776
662;0.7768271634254106;0.12089328484328551
421;0.26114574667270973;0.02612167636803604
663;1.0096816577173404;0.04589468164078091
664;0.18985849704683908;0.006033017685784897
665;0.13467524855905882;0.002850889368916525
3269;0.7561615521766601;0.05497635217031066
666;0.1987174056727977;0.0065825040212059635
3268;0.7243990053069298;0.03313205270013768
667;0.13403575933851875;0.005619343072894629
1089;1.6822413174357274;0.022270522622604406
3267;0.7819572331009069;0.06178413052176727
668;0.12635248666480145;0.0046149127428746425
669;0.42470931361017633;0.023383542271141953
3280;0.3694046630317447;0.0246395298750351
3287;0.9423055855928009;0.12442046224898351
3286;0.976465675084873;0.18828652766601764
3285;0.9505407812644052;0.1261996830462426
670;0.138961809136146;0.006266816533685241
671;0.16759874933239835;0.014226038583547401
672;0.16712430735601366;0.028253616797389098
673;0.8991907147929725;0.0450348145529139
674;0.7859415821865553;0.041473487416327844
433;0.2628162249480418;0.010602180775129593
434;0.24113004215478462;0.010884228945946114
3279;0.4974383727566956;0.019116631782578743
435;0.2526186086903072;0.01384473822862393
3278;0.8055549393059382;0.1026320172809949
436;0.2469550632828623;0.01240991027091488
437;0.2563030541301807;0.01467699055681136
438;0.2517253472809692;0.009162725361718443
439;0.24105397441827406;0.006599825302670565
3291;1.0010201396015852;0.07023362046461436
3290;1.042121371943324;0.07713224093803886
3299;1.2064101413586703;0.12095679876268882
3298;1.0777251319765724;0.05563478769160511
3297;1.072873149755039;0.21938427362542257
3296;1.1620194547381346;0.19502229683668193
3295;1.1411850807758188;0.18828652766601764
3052;0.12315508746124604;0.004136636756971628
3294;1.0839481175806975;0.2257350849828659
3293;1.0357961580223316;0.1021067153716747
3292;1.0977122780274147;0.144129210432089
440;0.24162644012117207;0.01104401756671256
441;0.2750671135721267;0.024173586758687044
200;0.15691914167053886;0.012442046224898355
442;0.27379967614318734;0.02999819272881963
201;0.1400721558398944;0.009537561728369037
443;0.26787750279284006;0.028096715364473147
444;0.2527124214217113;0.01873101779625771
445;0.24043147962450678;0.006504109340693617
446;0.24515514571405972;0.005491231287312253
3289;1.6371886460829488;0.03573711171533898
447;0.24962043512075976;0.004385149790852205
206;0.1204180664668929;0.0017877895154122295
448;0.25994513481609893;0.005148677543480606
207;0.25117421273277796;0.015167187121388303
449;0.24460194449328662;0.005614975917479629
4397;0.4996014841974349;0.01754059916340882
4399;0.5398146722207718;0.011486872569160131
450;0.25540236536896455;0.004856761084278366
693;1.0484209192538336;0.18945269455658267
451;0.24532710311835887;0.004076760019836928
694;1.1492986215231946;0.02169652538302987
452;0.25816501727505087;0.005037220201803563
695;0.8162204754157606;0.004127851114147607
453;0.27176068712836454;0.0020919404190287744
696;0.8292121299961825;0.004043347699529386
454;0.14514531387540316;9.434451361220453E-4
697;0.8163274238158291;0.004085629086949249
698;0.799080344054573;0.004212151163851898
226;0.2503222267241078;0.007469035394569148
227;0.27170540367069085;0.00632790989812982
228;0.49457531885700845;0.005210958098696414
229;0.38421382414563393;0.0035385243750076017
4187;1.1501703823139642;0.003077390230382128
241;0.185696116631122;0.04054832260029579
242;0.13207969203497444;0.0162549268214495
243;0.18114161333181486;0.08283585257252811
245;0.16962087775214815;0.04388720168965703
489;0.6119040403551053;0.019942896586392526
4197;0.4804404378506218;0.01359067532755053
4198;0.5189916187578851;0.04089004920153454
1919;0.3695672676638735;0.01875108160607621
490;0.6660372389116085;0.02769034637357949
4191;0.12318829465660056;0.002068318378485814
253;0.25787674338432764;0.0046449420235979534
254;0.24625639238317115;0.005329677417529114
255;0.24992160873283908;0.005017442742370133
256;0.38024921437920256;0.018248484216431642
258;0.1276551472428949;0.004821450085117749
259;0.12652850222426704;0.007024131673596642
1918;0.36076806514549686;0.010494715587076495
1917;0.36287043786695133;0.010648839584223085
260;0.12218425405940418;0.005939422328310799
261;0.12351047758991406;0.004228119694183832
262;0.12486172947535264;0.008899192049972068
263;0.1252039212227643;0.011205439855192874
1921;0.378778283932972;0.02076710734293589
264;0.4586695897322016;0.005256484730947173
1920;0.37173520404463034;0.003997258063146836
268;0.13166952517515398;0.002669941753012758
1929;0.3847434163846317;0.007392238529415005
1928;0.4048061231529072;0.03471233467814109
1927;0.4090844001999224;0.026608658904364563
1926;0.409634616033854;0.053217317808729125
1925;0.42880467621275203;0.060200246112526584
1924;0.4139911938723901;0.07304953577572985
1923;0.4027312785753164;0.016981244606722345
1922;0.36036628987659375;0.01011891113453947
270;0.12019532050627582;0.0017237975138027343
271;0.13173736405307;0.0026894779095435373
272;0.129909432706877;0.007666884225287725
273;0.13387002542478826;0.0010720958782193682
274;0.12059215556011127;0.0033976688318876325
275;0.14484938795155108;0.006884994769252417
276;0.270234167922747;0.028717181422900324
2801;0.9323004060399387;0.03876648492301129
2809;0.6741618683192531;0.005273258248441517
2808;0.8120128997092407;0.004085629086949249
2807;0.39444172004671013;0.01610429309882384
2805;0.6049092604341747;0.00353795245842321
2804;0.6380235793033093;0.005897540625012669
2803;1.2136139498086416;0.0029835992972491354
1723;0.25843421916197107;0.0023224710117989767
1722;0.2588490398679491;0.020296416975006157
2810;0.7419291346331174;0.0045907048561560065
2818;0.5245013687153895;0.021340697253606673
1729;0.12403154089477725;0.0063885981429469335
2817;0.66132408151493;0.003200798551475165
1728;0.12389180931618207;0.004321644007076737
2816;0.48562143645646483;0.014833048001661402
1727;0.13645816385437046;0.005956185285889828
2814;1.0148016847222643;0.004699270427919261
1725;0.27082709536858185;0.005827638826019308
2813;0.36854552654013895;0.018345420089266175
1724;0.2582499856627937;0.005074104243751539
2823;0.5074158425190476;0.004791794968251108
1734;0.12037410662894193;0.0032283745534880917
1733;0.1205064758940591;0.0032520546703468083
2822;0.8083508749776431;0.004127851114147607
1732;0.12038286267700066;0.0032520546703468083
2821;0.6459779995738915;0.03750451800512781
1731;0.12130877307277575;0.005685324606736021
2820;0.6265061748038001;0.006224196162140957
1730;0.1218605746635779;0.003845857986564482
2829;1.00341141952738;0.0033508401668989256
2827;0.6896014667617801;0.00510037331656587
2826;0.8951481196965562;0.033750150595824244
1736;0.12041170654473521;0.0035238336022288957
2825;0.8872380503803419;0.0037449516709233124
1735;0.12931470978853643;0.0025370521218757696
2834;0.4002432449367516;0.016735685231512757
2833;0.9956440997966958;0.037207769464880615
1501;0.3258006893457203;0.044830125634766106
2831;1.8278131031512799;0.003108315965927111
2839;0.8596394412522473;0.003916058689932718
2838;0.2466722976797523;5.872233052063388E-4
1506;0.1565631608441509;0.024707864645500968
2837;0.9871512903919217;0.004902754904339099
1505;0.16104708854358232;0.021791277145268323
2836;0.7874510291541446;0.01590327116269439
1504;0.1331089790057589;0.00824679608614556
2845;0.18506709595021523;7.317244613870463E-4
2844;0.7953689645014868;0.004170022346552699
2842;0.49160794231203847;0.005450481922800149
3938;0.5147815418318523;0.004718032500010135
2841;1.0120893242873674;0.004750285901291862
3939;0.3995518164071414;0.005688781103736218
1518;0.12266191526822992;0.004106588312505851
3931;0.1246047784579275;0.004385149790852205
2848;0.48231247670524496;0.012449567596472503
1517;0.12271908543267261;0.006159882468758775
2846;0.6372152716113341;0.003336017877242159
2856;0.6932979850383679;0.0050146155992523474
2854;0.4824400462564775;0.01263323392215408
1522;0.1266598371856438;0.0023243547259605736
2852;0.48204017619059514;0.013008218681387233
2851;0.24791697403763713;5.776420768785125E-4
3940;0.38453225979743927;0.0035110540070055945
3941;0.39233988975501016;0.0033487014831272235
1529;0.805400925616165;0.04389152563800772
3942;0.3732005066615905;0.003937729440773934
2859;0.7905244398323621;0.004254245770507926
2858;0.7826434428085157;0.004296314205495834
1780;0.2527511001550899;0.01742774925399468
2867;1.065152276288721;0.004493942005107975
3959;0.3728326245774708;0.011549067598873124
1533;0.8785661832765411;0.07840105158873682
2864;0.6254272740488251;0.04514995925597238
1532;0.8483091067077626;0.0975271148659045
2863;0.5779593204072948;0.003807597894517494
2861;0.8695296535847995;0.0038734500737710037
1530;0.8823817513744038;0.06423879681379661
2860;0.7021787828259742;0.0030645888404864977
3710;0.17140579398007835;7.832117379865435E-4
1539;0.5372862255448729;0.04868903040451573
2869;0.5056289819018571;0.009297418903842294
1779;0.2838570669889776;0.00390935935433016
2881;0.5299899338834069;0.04398291245944298
1550;1.1259047794542485;0.1525389400168783
2880;0.5432407746641368;0.023310555304077232
2878;0.5398239086045614;0.023141556452094057
1547;0.9929206050402428;0.045817203068752005
3968;0.6039896466810918;0.007210455473299642
2877;0.39952244881435406;0.016735685231512757
1546;0.3676583738251943;0.005982868975917757
1788;0.13574793737556948;0.005827638826019308
3969;0.5939984165372388;0.007345127769849611
1545;0.47277342248100596;0.03759217230874849
1544;0.4885387654073199;0.05379615076171933
1543;0.39062089902981495;0.015446032630441817
2873;0.6560304982293975;0.06578218560992453
1542;0.380275296211145;0.014048263347193285
1541;0.5096626712661072;0.04388720168965704
1540;0.5536445494055816;0.05142865305706786
3960;0.4899441442483624;0.037114823948840865
3961;0.6382797526458392;0.06875265236394726
3962;0.5223219173975524;0.018289960418160205
3963;0.5323826803308458;0.01202425979335593
3964;0.6173461455654153;0.007008646307929564
1308;0.16695639065853493;0.04708936132898183
3965;0.6159051582845051;0.006941382962130653
1307;0.15544508519755398;0.01217938705075972
1549;1.107595188990109;0.08833977813236983
3966;0.5258442132417431;0.008858732013693135
2879;0.9492705634650004;0.005054581396622277
1548;0.875194225878693;0.015573586087451118
3967;0.584952687264853;0.007412537869015735
3981;0.12519540695407802;0.0012448392324281915
2892;0.7682183947849539;0.004338364351331658
2891;0.80182809680461;0.004127851114147607
2405;0.2519768171609705;0.002451885401301499
2888;0.6440666352214617;0.0033022808913180856
2886;0.26997863417044987;5.582043454768948E-4
1313;0.12429500274785056;0.004290239646158564
2402;0.3610951558611463;0.009405815892906249
1312;0.12472827740511189;0.006674394037479051
2884;0.9661018582440215;0.004953421336977128
2400;0.2680198121267748;0.0021441917564387365
2883;0.5104227248948819;0.004828938536109384
1310;0.13169743627709707;0.0215158232763483
1552;1.0940912443790516;0.17295505251850674
2882;0.6566566477645989;0.0055811691385453735
3972;0.13392498738405967;0.005619343072894629
3973;0.12231113059635114;0.003988579317278505
3974;0.1240382706249329;0.002176640084897396
3975;0.1744848737075252;0.0773246377508632
2409;0.3652339282865988;0.005685324606736021
2408;0.24628685366580033;0.01231976493751755
2407;0.2418480223912206;0.003654611196993513
2661;1.1333752327171442;0.001394332088821701
1330;0.3007897435676357;0.03779899961334026
1571;0.8653991461466257;0.10097847179921317
2660;0.36030089450616914;0.009756164011040425
1570;0.6612099546014825;0.013644861206968593
3505;0.6474100475715666;0.038334421126438624
2416;0.39018518595189783;0.0034293675784050387
2415;0.24984301837617087;0.02241087971038575
3503;0.6335894011980818;0.006082828072143881
2414;0.24057606469372678;0.003135271964302083
2413;0.36313865445868515;0.010494715587076495
2412;0.42257296079600076;0.009676804465353446
2894;0.5014934449372436;0.02708997555358342
2410;0.36861495067396827;0.012141450619536111
3507;0.8572226302512777;0.003916058689932718
2418;0.43717044434038616;0.01055334971137499
1329;0.2685275740810656;0.016981244606722342
3506;0.6798156718601137;0.005186571728513838
2417;0.39689685476637176;0.008127463410724753
1328;0.26791535109172687;0.09056663790251918
1341;0.16737417100949398;0.018968051444729867
2430;0.2770967150986312;0.002005846239700939
2672;0.3661614658721689;0.005982868975917757
1340;0.15267240582261057;0.01944840371531558
1582;0.6142642449852692;0.020683183784858138
1338;0.1634108406045429;0.018058765451781377
2669;0.24435964723175818;0.005614975917479629
2668;0.12110657154426333;0.0018541310002076752
1579;0.9235350014478286;0.11506687768615473
1336;0.14147196879836135;0.009747146473886819
4608;0.6145621036289105;0.020235751032560187
1335;0.13417774787060197;0.008552668106749574
4609;0.68553086883482;0.030216983448358804
1577;0.7170233498564084;0.033687193933510336
2424;0.26992978769556153;0.002109303299376607
1334;0.13923506793774268;0.009400224800527861
1576;0.805388798176489;0.10895638572634163
2423;0.31134556610166225;0.0017353457405326633
1333;0.16689217163198042;0.004708936132898182
1575;0.8745452429459659;0.10309951700115093
2422;0.4093036140354219;0.008934277928834743
2421;0.4455748950171405;0.010940005218393715
1332;0.34645013301338295;0.05084063494635434
2662;0.36472492549704577;0.0057687869798467226
2420;0.3764142533217172;0.0037917967803470756
1339;0.18001973456231335;0.01089434593813895
2428;0.2704186440255666;0.023141556452094057
918;0.7395490990839934;0.037229730812744645
1110;0.5449081691421662;0.023652141248324057
2441;0.3816696512307509;0.021382181388111817
1352;0.31302707566650406;0.03294381952733463
1351;0.17582511845567722;0.04181389418065964
2682;0.3794038965869013;0.013946128355763443
2440;0.3759071123250705;0.0037917967803470756
1350;0.3540872496612701;0.03179611479802475
1107;0.5357023830068597;0.022641659475629794
2438;0.3949774326877333;0.008009825259038273
1349;0.3346749631668082;0.047420128611824666
1348;0.14540790059830577;0.013970076379959699
1106;0.4826953601538268;0.01359067532755053
2437;0.38349315209932155;0.00733849527840568
1105;1.703874059412847;0.05423579642742866
2436;0.3773000351639511;0.0037630820567775996
1104;1.687668433213806;0.04791560388684823
2435;0.36154235275995533;0.009544509695401887
1345;0.1379784284276393;0.009131191971966232
1587;0.7114599423676916;0.04980541822894045
1103;1.8524067550964032;0.03792816258338218
2434;0.3616685665983262;0.009268999489591478
1344;0.14643920510358083;0.010629651871966784
1102;1.924223895059246;0.042303776827702325
2433;0.42316053471826137;0.009747146473886819
1343;0.13323486141427723;0.008367842615756379
1101;1.857041265519198;0.03848504840201262
2432;0.36330283013626136;0.009337175697354379
1585;0.7802808502838574;0.046677330402173645
1342;0.14535479286126776;0.010477557284969775
1100;1.779918669614521;0.033019345616524594
920;0.7685778153943035;0.16144689612492497
921;0.7454072424142683;0.02631089874511323
922;0.919033166141392;0.09402183155375253
4610;0.7873514832833038;0.020884540171526942
4611;0.6898840368277356;0.030437306573220774
4612;0.7416779445502711;0.025554392571787734
4613;0.8758480081247858;0.04221339884549996
1109;0.5318375578188143;0.10995728114860745
1108;0.5105021440685655;0.038854088674226926
1363;0.12340416609387606;0.004228119694183832
2452;0.8464706019371843;0.012333417607801133
2210;0.36260746120799603;0.010726737092473376
1362;0.13288081539757848;0.0027489320287151864
2693;0.8105719514466482;0.004085629086949249
2451;0.18416090200030474;0.02857147392059325
1361;0.14829257867104548;0.007293336812262478
2692;0.14909497337527614;9.013069341624552E-4
2450;0.3709557942818187;0.019165794428840803
1360;0.14345403466722242;0.0067374387867020664
2690;0.5128356823118948;0.004754827661628232
2449;0.4904951386708763;0.005450481922800149
1359;0.13687315586479862;0.008999457818645888
2448;2.127861315149674;0.054067525504461665
1358;0.1336629036900904;0.0027892808719187927
1116;0.5065847539227026;0.04648709451921148
2447;0.3633023690653695;0.005562393000623025
1357;0.16027518842286861;0.00865510351811322
1115;0.6891017135211269;0.0459887551259027
2446;0.4073467639644496;0.008805280538127678
1114;0.5463329332607896;0.09121470944593675
2445;0.4111898894418921;0.008999457818645888
1356;0.35941122997656827;0.07626042156697266
1113;0.5131687297347853;0.019569320742415148
1355;0.3245613546103259;0.017806121402249783
1354;0.14656148047457018;0.00708643458131119
1112;0.5396965329327109;0.023141556452094057
2685;0.40988855978336325;0.02680283378650423
2443;0.3943540087231332;0.007951635581347196
1353;0.18225729906254332;0.027992434660951776
1111;0.5303090778691225;0.02199145622972149
2442;0.4360517021777803;0.06286534370981865
2684;0.3616981613091114;0.004634499744795739
2208;0.3614010059054799;0.00913401750681301
2217;0.4043898591139086;0.008615154426870098
2459;0.4991087521910692;0.008899192049972068
2216;0.41068458121754253;0.03573711171533897
2458;0.3745049992138794;0.006625881787426245
2699;0.178373453360846;7.489903341846625E-4
2457;0.4847218863406201;0.005912922499879389
3303;0.4952219382182247;0.02574143787695138
2456;0.8774157508433769;0.01591820168120769
3302;0.5373120576257839;0.0456142299026644
2455;0.4806359663276297;0.01359067532755053
1365;0.12365376005525287;0.0041974007805696285
2696;0.16131948862343587;8.340044693105397E-4
3301;1.2292039123962413;0.22095660202677514
1364;0.12122039566884193;0.0018813494528716254
2695;0.5034663088176387;0.004903770802602998
700;0.6605325660978448;0.013545772351207921
3300;1.3732365281923165;0.2788392569604981
2453;1.7306852958168286;0.05962691600083807
701;1.076068570503106;0.1608162159682418
702;0.9944172385942307;0.03432191716926851
703;1.0889545981543842;0.2348074810167381
705;1.0982015888935548;0.04834717351737409
706;1.0777620813777005;0.1368426897079932
3309;1.5610497614432155;0.0933546608043473
4410;0.12153570914337679;0.0058109781886530685
2474;0.6214233208667417;0.01088320042448698
2232;0.3827303689080121;0.0035385243750076017
2473;1.261463901112782;0.07678540817452556
2472;2.180005221872179;0.2841856978510602
2471;0.6089739223721392;0.0035715853633503784
2470;1.7421455818292964;0.030472961188563543
2229;0.3607106546591855;0.009827700345860503
4408;0.24355759515124675;0.011706958923761822
4409;0.24316411922410383;0.005912922499879389
2469;0.628232303996045;0.08294697483265569
2226;0.37647880274699574;0.003706100713530876
2466;0.12049133854611042;0.0017619168011144479
3312;0.36982059816996754;0.018479647406276327
2223;0.3960620966638463;0.00806843372863061
4401;0.8482677212741551;0.07314533614942839
3574;0.6232690359875304;0.0063196613005784595
1154;1.106856778308821;0.17169135247003672
2485;0.47415624364375736;0.037859904913872776
3573;0.8108465036635056;0.004085629086949249
1153;1.0280748844950536;0.07494526294942938
2484;0.36738543768066995;0.006115140029755392
2483;0.13872022812906268;0.009332265048687305
3572;0.7914488354882112;0.004254245770507926
1152;0.674506934887923;0.07231736391279393
2241;0.3668644773218648;0.017688879996328066
3571;0.828781751632696;0.004043347699529386
1151;1.8194767834065906;0.9636812513097226
2482;0.463372525239193;0.024014138976315193
2240;0.3652579643349841;0.0057687869798467226
2481;0.12985513572362992;0.0025556280750959086
3570;0.8473303010897492;0.003916058689932718
2480;0.17976968921867495;0.0435773837525558
4419;0.6809668152368472;0.02935093512709226
3328;0.13601706016765655;0.002956517656040507
2239;0.36333129113434176;0.004402152013885748
3327;0.12015455007113751;0.0016620470188019418
3569;0.8088887201462702;0.004170022346552699
3326;0.121911523475568;0.001922928993282241
2479;0.3657017552979766;0.005853479461880913
3325;0.1713494676996886;0.004944759653181705
2236;0.39677087169051245;0.0033220245051349255
2478;0.5332483079272737;0.06403179348470421
2477;0.12228907106800864;0.0020235751032560184
2476;0.8658410778207376;0.15146770769881976
2475;0.8609113487660898;0.014584174582503717
4411;0.7249105304620258;0.01951232802208085
4412;0.3712283921529655;0.02574143787695138
4413;0.41196710841007506;0.04532547517253821
4415;0.6489420594090183;0.03861508157610454
4416;0.6580601157894144;0.040342168643153056
4417;0.4040998135028353;0.06030608098809067
3343;0.1279774757075976;0.004892330185603787
2012;0.6291244659108375;0.023074563714373213
2254;0.3619092314578485;0.008934889497726554
3101;0.3634601808351965;0.009067200930929017
3342;0.1665034572014226;0.004676061445305897
2011;0.6808786593736305;0.02956517656040507
3584;1.0150648543883123;0.07492407118503083
2253;0.37476859499885684;0.0037917967803470756
3100;0.37444563108410667;0.006625881787426245
3583;0.13318051853989868;0.011076138549431796
3341;0.1661219933542563;0.004643388019920998
1163;0.6632673334802249;0.06822430603484296
2010;0.7466058495976144;0.01563287429608924
2252;0.367192210723685;0.017688879996328066
3340;0.15051822429057332;0.0037798999613340256
3582;1.097470689672843;0.05345480095479718
1162;0.7692666265180195;0.004338364351331658
2251;0.4016418816724113;0.016858029218683887
3581;1.0892809762069482;0.03361843204281438
1161;0.6155746045322841;0.006762469612030881
3580;1.1504331850951741;0.022015485835217043
1160;0.6553375216779814;0.005536707508558209
2490;0.16603606699228315;0.004643388019920998
2009;0.6670429380470536;0.02789280871918793
2008;0.7574508969214698;0.028096526694386566
3579;0.7784548389383268;0.004296314205495834
1159;0.6525014312051143;0.005715612630675064
3578;0.791882911176917;0.004254245770507926
1158;0.6116510154942836;0.006864039109140316
2489;0.4938416007257726;0.10988740417734978
3577;0.7800740850784629;0.004338364351331658
1157;0.4128113717746992;0.0119412367112327
3576;0.7737958574706962;0.004338364351331658
1156;0.4068543161209722;0.026415841614383033
2245;0.3639522483977498;0.01104401756671256
2486;0.16499079963547741;0.0045786418407229084
3575;0.80675705346939;0.004170022346552699
1155;0.3949755719617763;0.03227373491452244
2023;0.7362641571646261;0.07189196580145481
1176;0.40570542644912005;0.0867808366953527
2265;0.38910296750293694;0.015222312731254618
1175;0.68421744200488;0.07499548182204907
2264;0.24454797431419464;0.005573474523664607
1174;0.9506670191087644;0.07706125734947603
2021;0.748066198753648;0.0789326962353397
2020;0.7686823871617746;0.07891307215241969
2261;0.3874980584510756;0.007555830302705345
1171;0.8495934130594269;0.02009365418908387
2260;0.24182593383222672;0.0058695360185143305
1170;1.2294957038307952;0.003967180892677658
2018;0.7194423004763144;0.03393145835415117
2017;0.6168725094911437;0.021140598470919154
2016;0.8573114680027559;0.0248963622286159
2015;0.7870930121204874;0.020884540171526942
2014;0.7191212380432535;0.016965729177075586
3344;0.12559373795931858;0.002257497962798619
2013;0.6222799294249396;0.01088320042448698
2255;0.36130257891736756;0.010418478743110868
746;0.7230081237325385;0.019229147986083186
747;0.7439311683426402;0.012684359082551493
748;0.7533179938304304;0.015167187121388304
749;0.7388359911993297;0.015989032252587344
509;0.7523528852376783;0.027288345739213182
4210;0.310470604557096;0.024185901962449918
4211;0.13801623661935458;0.012263668033574052
1186;0.5441628712282855;0.14088448861004285
1185;0.49762560334492356;0.005094219788740412
2274;0.12838183222375293;0.0011795081250025338
1184;0.519470586262327;0.004572490104540051
2273;0.2534343399763351;0.023413772245322144
1183;0.5241014823373795;0.004500642875653323
2272;0.25715393392187985;0.002340702671337063
2271;0.1297943980708394;0.0011431225261350128
1181;0.6987136555475556;0.0050146155992523474
2270;0.4037787681045517;0.003216287634658105
1180;0.6917221663509164;0.005057442371508225
750;0.7203287913726735;0.01937024732092855
3359;0.200555965435603;0.0066705973583728985
751;0.7362421187611944;0.024460560119021566
3358;0.13241827714068424;0.005418308940483168
2269;0.13469141685332695;0.0010720958782193682
752;0.7312854448347136;0.023243912754612274
2027;0.749489884515768;0.026893055652462895
510;0.997508246303198;0.04473968061123269
3357;0.19824513019343856;0.006538817672233604
2026;0.8231087570242582;0.04578641840722908
1179;0.7875503132038684;0.004296314205495834
753;0.7308592315645668;0.03537775999265613
511;0.7612936352479607;0.019309830537307737
2268;0.3633825560900897;0.008804304027771496
3356;0.12514154852768936;0.004449596024986034
512;0.5274158379819325;0.11833702801991565
1178;0.6034322496681186;0.016379500576434173
754;0.748898921824064;0.026697576149916205
3355;0.17711174781229042;0.0052993524663374585
513;0.14405757330120222;0.010179437506245352
755;0.7556448170075235;0.027288345739213182
2024;0.755166452922231;0.04123226412773299
4202;1.9192950924048549;0.13330068989802646
756;0.7255351262579895;0.020535258808649245
757;0.7664636188489429;0.029140566505670193
758;0.7372566733524212;0.024282901239072226
4205;0.13389272466188384;0.005619343072894629
759;0.7672127980318542;0.08806194334086817
4206;0.27285568293929063;0.017739105936243043
4207;0.13227832635171746;0.005418308940483168
4209;1.105414936085063;0.14619178120068854
1190;0.3609805473800476;0.009337175697354379
4221;0.13198412018574598;0.00812746341072475
3134;0.34051891651650784;0.029462726068224712
2287;0.1705601982171476;7.746900147542008E-4
3133;0.3387932087314665;0.03873970457402961
1194;0.40301718327939756;0.12829002160124361
2283;0.16514424588088397;8.086695399058772E-4
1193;1.1955031692943292;0.17885181456250943
1192;0.36430506163871845;0.004242551615479518
1191;0.3619501172140095;0.016090105638710064
2280;0.12280329566541541;0.0013424271978868248
760;0.7469950638591377;0.06625881787426245
761;0.7248889880431675;0.04385533436392216
1189;0.36056662512102616;0.009972282112811651
2278;0.1307991711421941;0.0011251607189133308
1188;0.38908483290629764;0.007666884225287725
4213;0.18655353170382058;0.029160582234838195
526;0.1852367085191163;0.04027340719015417
528;0.18788079106690533;0.0413825531731455
529;0.18083584246440615;0.01656717051450562
4219;0.12928041749693192;0.005074104243751539
2290;0.14228065916354768;9.7733983858254E-4
2295;0.13800593038365766;0.003043730657322077
3142;0.25608809714303243;0.024283805421391826
2294;0.12107637935680723;0.0037082620004153504
3141;0.2479468840028994;0.016912478776735327
3140;0.2710204580648091;0.01748291647805792
2291;0.12682653900549143;0.0012165656144287763
530;0.1641110825977614;0.018186270115285178
531;0.1347185148205678;0.0057434362845800654
3139;0.24617742009751709;0.01240991027091488
532;0.1950996542125422;0.006366456439862388
3138;0.24271495258179876;0.011370649213472042
533;0.12810145088309835;0.004892330185603787
3137;0.2931663555149027;0.021259303743933568
534;0.12380643975785477;0.0021295327143156443
3136;0.311877933759675;0.06542069358852985
535;0.1552719240180853;0.004059795683586573
3135;0.3106169644249661;0.048371803924899835
536;0.13141095312851034;0.002669941753012758
4224;0.36118052368401554;0.010494715587076495
537;0.12604644645531995;0.002290681340429611
4225;0.3908719648102851;0.031118220268115764
538;0.17929018270375108;0.010819784534336825
539;0.1517898923263861;0.01917215811254151
4227;0.3862081301861572;0.022339121469298184
4228;0.4091245159465897;0.07095642374497217
4242;0.35205337653269586;0.01045347354516491
4243;0.24339010255181387;0.003845857986564482
4244;0.3127151477014917;0.008177586698566231
4245;0.3039990923143682;0.007723932214923094
3156;0.2903533555611656;0.03467424074269391
3155;0.31180337395762475;0.04088793349283116
3154;0.2744164641660414;0.01813019006901528
3153;0.30153891379880127;0.045358799536008305
3152;0.2998672038624489;0.04503481455291391
3151;0.29415969029506495;0.04282586454253109
3150;0.13010373032977396;0.012871693858701514
541;0.12314334982957974;0.004136636756971628
3149;0.13067980560541553;0.007893862273190945
3148;0.16028098590731021;0.030292862313396268
2299;0.15478714645561092;8.676728702663317E-4
2070;0.13382417634311936;0.0028096715364473147
4250;0.127695149903136;0.0024107250425588747
4251;0.12068718686401284;0.0016620470188019418
2078;0.4961246893055449;0.02574143787695138
3167;0.31170806930563655;0.024532760095698693
3166;0.32512576854251213;0.017806121402249783
2077;0.5505677553887507;0.02349360523292755
2076;0.5317758516707672;0.044304554197727185
3165;0.2972261743621225;0.014691855416769305
3164;0.27812799249964076;0.025067266134740963
2075;0.4210279177503711;0.028612685185107112
3163;0.31008880217488566;0.024185901962449918
2074;0.959319116007187;0.06299620473052121
2073;0.1205571418294211;0.0017619168011144479
3162;0.287044681324069;0.033931458354151164
2072;0.13723069815221467;0.0030216983448358805
3161;0.3203398458557422;0.03462041407245288
2071;0.13591727745334115;0.002935093512709226
3160;0.28549029425378564;0.026755664938900702
554;1.0991052459144068;0.033821202487564095
3159;0.27966148112129663;0.025249749950016488
2069;0.12108368038144882;0.0018541310002076752
3158;0.33090077514859845;0.04610915078036949
2068;0.12132392023184861;0.001814038157657686
3157;0.2888571131396241;0.03417738235362496
4246;0.24860686641295;0.00256645946641625
4247;0.2588828400608976;0.0022862450522700257
4248;0.1283739968008897;0.001188706915407058
4249;0.1201096180911979;0.0016141872767440459
2081;0.5473012093035489;0.08399493964069496
4260;0.24340749277337637;0.003845857986564482
3170;0.6105618515301499;0.05170909456041863
2080;0.49223099072032994;0.008153520039673855
4261;0.24442544398084753;0.002828367743653012
4262;0.12388304473404968;0.0013224694353299973
4263;0.24029542197396242;0.0033976688318876325
4264;0.24738667056369182;0.0041974007805696285
4265;0.1208269949581509;0.001814038157657686
4266;0.24026583049097872;0.0032283745534880917
4267;0.2426908617299011;0.003681339188904187
3178;1.7648030132802275;0.05462938055878093
2088;0.5053038734864057;0.027892256711526887
3177;1.570309584625909;0.09403803492492975
3176;2.0307203555619333;0.4067668980273108
2086;0.48391390295163744;0.012358665986121972
3175;2.114742795915356;0.16549353928016491
2085;0.8042896751198055;0.0027163571970082677
3174;1.8649528313556334;0.17517340845425375
2084;0.5219033403906242;0.031346011641643245
3173;2.8001603462177993;0.23351073387686833
2083;0.4495161629893067;0.05629351819114238
3172;2.748911755396606;0.2157224317865098
2082;0.4964311265720845;0.005171830399805098
3171;0.5090989277067891;0.014629067229885677
3169;0.49215700441198484;0.0339336097947287
2079;0.5454720771266931;0.050042953981305406
3168;0.4949870097700967;0.04149823570233255
4258;0.1239446324745119;0.002145119823079282
4259;0.12464608394692502;0.0021925748954261027
3181;0.15841361185111164;0.02965615607978143
4271;0.12294197646378766;0.0020532941562529253
3180;0.2855753604700285;0.026562889722101572
4272;0.24452876290371667;0.003959614885540533
2090;0.4837290582252787;0.011652859795186798
4273;0.12197690385137125;0.0019369927295510231
4274;0.12144092518523511;0.0018406695944520935
4275;0.12233311305168158;0.0019942896586392523
4276;0.1203054121418711;0.0017619168011144479
4277;0.12938837822404142;0.0025186101009017814
4278;0.12214732617314582;0.0019798074427702663
3189;0.13882443080503218;0.012443020064916408
3188;0.12725333422253982;0.004786395556170106
3187;0.1671934778146374;0.01883574453159273
3186;0.13833327946206722;0.012263668033574052
2096;0.5316669868166548;0.004358624672043542
3185;0.15993848379681608;0.017188163090986815
3184;0.12814568211029476;0.004856761084278366
2094;0.7905373290362594;0.004254245770507926
3183;0.14858127128908585;0.01101889156257698
2093;0.5325459608964559;0.004358624672043542
3182;0.16881168160734397;0.038470204421359386
4270;0.12072771393174768;0.0018406695944520935
4268;0.1240140971374191;0.0021295327143156443
4269;0.2450572939519416;0.005614975917479629
3192;0.15208133200421842;0.019309830537307737
4282;0.13241373215652552;0.002709154470241584
3191;0.16403082858077267;0.018186270115285178
4283;0.12073497244746523;0.00315830848053852
3190;0.14156577275614843;0.009747146473886819
4284;0.1317087783486936;0.0026894779095435373
4285;0.1296283276653685;0.0025370521218757696
4286;0.13168117110133845;0.002669941753012758
4287;0.1252019588633062;0.0022410879710385747
4288;0.12632413533213263;0.0023243547259605736
4289;0.12960519630862408;0.0025556280750959086
3199;0.16392804884688003;0.022732837644106472
3198;0.14744661121032013;0.00718919658014548
3197;0.13833897114563382;0.006176516391293911
3196;0.15434511745707494;0.008004712992105064
3195;0.15706804260651247;0.004147348741632785
3194;0.16537208306715567;0.01383274523411085
4280;0.1341669076020561;0.0028302074344537242
3193;0.16244465211511797;0.017806121402249783
4281;0.13260448521100546;0.0027289722413937185
583;0.14227015760114975;0.003296427894479962
584;0.18716691777430614;0.011743682909705814
100;0.3812593228172347;0.0036217039020820375
585;0.12450558939241659;0.004385149790852205
101;0.5782550719441322;0.007615195789034988
586;0.14579409839146246;0.0035177832371249967
102;0.5548483073226632;0.008091907794413161
587;0.15954188415402484;0.004297040772746704
103;0.5378182986478338;0.008506878588747647
588;0.18196274821311006;0.005560328220145045
104;0.501560260432327;0.014287654841020986
589;0.18878112375063205;0.005992380653844382
347;0.14845595935646955;0.021880010436787434
105;0.49081999345912936;0.015951389074981042
106;0.5100593043621288;0.00943606500002027
4279;0.13765654965861512;0.003043730657322077
107;0.5236726762637204;0.012662516564345937
108;0.5057893030272823;0.014046808268037624
109;0.37097522017052276;0.00390821857402231
4293;0.12231840121323437;0.0027252409614000744
4294;0.12660233089570017;0.004717049373789228
4295;0.13173263884379438;0.01882634536680476
4296;0.134649718923948;0.014254446844582623
4297;0.13125334310521544;0.007951635581347195
4298;0.38009529316188756;0.0036778281019522485
4299;0.37863274331528973;0.003649696843286329
590;0.12698179311040275;0.004717049373789228
591;0.13393153994317145;0.0028302074344537242
4290;0.13743397928279438;0.003043730657322077
592;0.17624062824438183;0.005226736772582455
4291;0.12106496499484277;0.0029782964992421846
593;0.12363883795364593;0.004166907023572491
4292;0.1346265140162056;0.0028717181422900327
594;0.1745019305777885;0.005154975850057546
595;0.12302520529096078;0.004166907023572491
596;0.1835130760634042;0.01702640832242617
597;0.1962250361127883;0.032045953319442134
598;0.14659047324375893;0.00708643458131119
599;0.17099291600492766;0.029668557919090236
117;0.12192326549556355;0.0058109781886530685
118;0.13002721910979154;0.012965925111714903
119;0.3768512562451052;0.0037630820567775996
16;0.17228239961378336;0.04011194799295786
120;0.3996504285735069;0.008307103912073847
123;0.39421219892020193;0.03975817790673598
21;0.12395498717054787;0.008456239388367663
22;0.1315408072198151;0.002669941753012758
24;0.13628187414722945;0.008869552968121521
25;0.13603162509543718;0.02956517656040507
27;0.12495366992869435;0.006674394037479051
28;0.12011005490709421;0.0033729703781798233
29;0.13509144503522713;0.011486872569160131
138;0.34247404327214925;0.01977903861272682
139;0.37012997278441867;0.018614865406372322
30;0.12856000193485148;0.004928159019610003
31;0.4096508364113008;0.017739105936243043
34;0.12966098725804223;0.005074104243751539
36;1.7476747758449145;0.09344151652470672
140;0.39986413491953693;0.033471370463025514
141;0.37694536795309347;0.02046625930440989
2909;0.4827758605030127;0.013790380110421874
154;0.435180112697954;0.15603408334212257
155;0.4318472390200941;0.01017943750624535
156;0.3771646333049641;0.013744088042577665
399;0.12706625803135022;0.004786395556170106
157;0.3867509934096729;0.007555830302705345
158;0.3622990175049469;0.009685123660464276
159;0.3728261408521947;0.01944739803184532
2908;0.6113967720323369;0.019942896586392526
2905;0.6644863026099556;0.005492413243334666
2904;0.4813141213190482;0.01319965060534113
2903;0.8540573193960802;0.027117898213714322
52;0.739056447575753;0.02518440468341777
2902;0.18110950107542767;7.317244613870463E-4
2901;0.6495151000142971;0.005670616297792271
55;1.0208293973985858;0.0971352216855673
59;0.1343812392987257;0.014151037172268621
2911;0.48578560168183543;0.015383431946257927
2910;0.6682859127936327;0.07024178841118286
2919;0.8554659687495545;0.02771730419878373
61;0.6144339913779067;0.02038380009918464
2916;0.671260782363186;0.005404304752827095
2914;0.37216970363472146;0.019306078407713534
2912;0.7760184720963941;0.1612393464163328
69;0.29687215238506515;0.014691855416769305
171;0.9227539574921295;0.0571429478411865
172;0.7454000167383015;0.03699433946296923
173;0.6133917980655932;0.020235751032560187
176;0.4926151873163417;0.008273273513943255
177;0.12201226073632211;0.0019654311107031187
178;0.1624473038244846;0.017806121402249783
2920;0.5240241608989128;0.010525149697587928
179;0.12246149012689012;0.002038380009918464
2924;0.3705075449561812;0.01902653862382724
1835;0.40956983011976833;0.07147422343067794
180;0.18211949007628678;0.03918940852533249
181;0.1345629286612147;0.0057434362845800654
182;0.12515753585537032;0.004449596024986034
183;0.12300518451142652;0.004047150206512037
184;0.14984123625952941;0.018764506063714128
185;0.17479237719393556;0.015464927550172642
1844;0.1680236228111521;0.014325877225271354
1843;0.3890974200152257;0.023169048945662726
1609;0.12203310707305794;0.003959614885540533
1608;0.1217746516210573;0.0057269032992076
82;0.25142303044734843;0.005017442742370133
1607;0.18639012451342413;0.011664232893935277
83;0.265632247083655;0.006537937008065312
1849;0.12043397428275725;0.003135271964302083
1606;0.13488670284210025;0.011570778226047029
84;0.2852069603394021;0.00390935935433016
1848;0.5224301710633659;0.06269202328328649
1847;0.1206464838661075;0.003498238529025498
85;0.2706348051580426;0.004253439294373823
1605;0.8563733038143441;0.03984433458315236
86;0.27785467407237824;0.004011692479401878
87;0.26069264476871;0.004572490104540051
1845;0.9413940516693399;0.039912451164831345
88;0.29248468905107927;0.0037400060102286054
89;0.2902377815387512;0.0037400060102286054
194;0.36208913896354344;0.009827700345860503
196;0.5251652494261783;0.03180654232538878
197;1.7877649795918298;0.11207834428301183
198;0.18441528689023898;0.02857147392059325
1855;0.2594411092380805;0.01533376845057545
1854;0.42146314039711236;0.023777058934306684
199;0.711353513273001;0.03296427894479962
1611;0.12071655895729161;0.0015335469817474945
1853;0.6154694287008716;0.0410658831250585
1852;0.12629128169906478;0.007024131673596642
1851;0.5345128394377915;0.022113811432139318
1850;0.6650987779860881;0.06872330071787966
90;0.26310266137537713;0.0022503214378266616
91;0.2545948017443236;0.0024331312288575525
92;0.2629880346594255;0.004500642875653323
93;0.2520507067877313;0.0049414676180411675
94;0.25908240741956917;0.006912957525924616
95;0.3932351943462337;0.03946931136595472
2705;0.6241492896278173;0.0034706914810653266
2947;0.36271124509858077;0.008804304027771496
1857;0.3959937083760461;0.024205301185891835
97;0.3860426693749909;0.0035385243750076017
2703;0.0;0.0
1856;0.6834324722985575;0.054900763856784315
98;0.3763177855797521;0.003706100713530876
99;0.4135178381341417;0.006120447979879044
2713;0.7349168662910861;0.002926897845548185
2719;0.6487615083643482;0.0033022808913180856
2717;0.0;0.0
1869;1.808475196840517;0.002378826251508407
1867;0.8671540283537066;0.005660670816732271
2966;0.2693637373686365;0.004218606598753214
2723;0.562015163682232;0.003943400151768417
2965;0.25213883272042387;0.004866262457715105
1875;1.606997171137869;0.0024860788815907705
2964;0.2496647629601538;0.0051329189328325
2721;0.8844316383567246;0.003787906664684576
1874;1.6090466127682892;0.002538526131298757
2963;0.29751254142979056;0.0036725638849248055
2720;0.6468463425813845;0.0033022808913180856
2962;0.7677553738139787;0.10199198276984567
1630;0.8396992794497788;0.04775292408423785
2969;0.3638583821060075;0.01680921602140719
2968;0.4117106213964487;0.03599783127458355
1879;0.4140629236855126;0.07358200820144431
2725;0.6546936679549923;0.0032685032695593994
1891;0.4111811659830276;0.008999457818645888
1890;0.36304503093465335;0.010726737092473376
2735;0.8360548885713639;0.004000998189343957
1888;0.40929726937141653;0.008869552968121521
1887;0.36279208171016375;0.01112478600124605
2734;0.7203439559517488;0.004759497368146869
1886;0.4122991785854171;0.07252076027606112
2733;0.8130369872797706;0.004127851114147607
1885;0.4426260400811598;0.010783794870218221
1884;0.3640143478150103;0.009067200930929017
2730;0.63905583853015;0.003336017877242159
2971;0.12170112659621454;0.005644048358614876
2970;0.12491835144430284;0.008899192049972068
2738;0.8175842993522331;0.004043347699529386
1889;0.39846300360787135;0.008307103912073847
1660;0.17235220560981074;0.05013993499119733
2746;0.0;0.0
2503;0.12473677946418534;0.002208627262475415
2744;0.0;0.0
2986;0.2560323673576248;0.009856318039220007
2985;0.24122220024147162;0.010726737092473376
2743;0.8164808688817466;0.004085629086949249
1895;0.37700860391959556;0.013744088042577665
2984;0.2624016742254347;0.010525149697587928
1894;0.39862002029318916;0.07422116477531003
2983;0.24369315151464352;0.007861724442812475
1893;0.3607736340233171;0.009405815892906249
1892;0.3837918949259829;0.022015485835217043
2507;0.38104031726469173;0.0071273937960372735
2749;0.9474115314318131;0.0035716593735948877
2748;0.4862096656527127;0.005614975917479629
2505;0.28700310723078626;5.383597375802733E-4
2760;0.42197503454214647;0.028820831034250288
1671;0.37798768707303254;0.01384473822862393
1670;0.3794850499182046;0.006973064177881722
2513;0.12449524745364735;0.0013027395246741034
2753;0.0;0.0
2511;0.12168251984575171;0.001951159820626971
2751;0.4991448585659153;0.0051329189328325
1661;0.5090417580401366;0.057857401021412985
2771;0.49008812458100576;0.0406322222665081
2770;0.139007414380961;0.006221510032458204
2767;0.17663733091015982;0.01052587477083286
1674;0.4134201416751531;0.027593253075541616
2762;0.5446842327056274;0.1334478772834811
2782;0.8284196163358919;0.0061204479798790444
2780;1.320542102773435;0.0038037112921945207
2777;0.6462357068615004;0.005806177529497442
2775;0.7312494701565191;0.0047172256806102255
2774;0.8499881484544187;0.003958571584409886
1200;0.40037494979249905;0.05020705569453827
2773;0.8225457179551383;0.0061204479798790444
1208;0.13624230832878964;0.014782588280202536
1207;0.13365140147769516;0.016858029218683887
